filename,row
image(1).jpg,0
image(2).jpg,1
image(3).jpg,2
image(4).jpg,3
image(5).jpg,4
image(6).jpg,5
image(7).jpg,6
image(8).jpg,7
image(9).jpg,8
image(10).jpg,9
image(11).jpg,10
image(12).jpg,11
image(13).jpg,12
image(14).jpg,13
image(15).jpg,14
image(16).jpg,15
image(17).jpg,16
image(18).jpg,17
image(19).jpg,18
image(20).jpg,19
image(21).jpg,20
image(22).jpg,21
image(23).jpg,22
image(24).jpg,23
image(25).jpg,24
image(26).jpg,25
image(27).jpg,26
image(28).jpg,27
image(29).jpg,28
image(30).jpg,29
image(31).jpg,30
image(32).jpg,31
image(33).jpg,32
image(34).jpg,33
image(35).jpg,34
image(36).jpg,35
image(37).jpg,36
image(38).jpg,37
image(39).jpg,38
image(40).jpg,39
image(41).jpg,40
image(42).jpg,41
image(43).jpg,42
image(44).jpg,43
image(45).jpg,44
image(46).jpg,45
image(47).jpg,46
image(48).jpg,47
image(49).jpg,48
image(50).jpg,49
image(51).jpg,50
image(52).jpg,51
image(53).jpg,52
image(54).jpg,53
image(55).jpg,54
image(56).jpg,55
image(57).jpg,56
image(58).jpg,57
image(59).jpg,58
image(60).jpg,59
image(61).jpg,60
image(62).jpg,61
image(63).jpg,62
image(64).jpg,63
image(65).jpg,64
image(66).jpg,65
image(67).jpg,66
image(68).jpg,67
image(69).jpg,68
image(70).jpg,69
image(71).jpg,70
image(72).jpg,71
image(73).jpg,72
image(74).jpg,73
image(75).jpg,74
image(76).jpg,75
image(77).jpg,76
image(78).jpg,77
image(79).jpg,78
image(80).jpg,79
image(81).jpg,80
image(82).jpg,81
image(83).jpg,82
image(84).jpg,83
image(85).jpg,84
image(86).jpg,85
image(87).jpg,86
image(88).jpg,87
image(89).jpg,88
image(90).jpg,89
image(91).jpg,90
image(92).jpg,91
image(93).jpg,92
image(94).jpg,93
image(95).jpg,94
image(96).jpg,95
image(97).jpg,96
image(98).jpg,97
image(99).jpg,98
image(100).jpg,99
image(101).jpg,100
image(102).jpg,101
image(103).jpg,102
image(104).jpg,103
image(105).jpg,104
image(106).jpg,105
image(107).jpg,106
image(108).jpg,107
image(109).jpg,108
image(110).jpg,109
image(111).jpg,110
image(112).jpg,111
image(113).jpg,112
image(114).jpg,113
image(115).jpg,114
image(116).jpg,115
image(117).jpg,116
image(118).jpg,117
image(119).jpg,118
image(120).jpg,119
image(121).jpg,120
image(122).jpg,121
image(123).jpg,122
image(124).jpg,123
image(125).jpg,124
image(126).jpg,125
image(127).jpg,126
image(128).jpg,127
image(129).jpg,128
image(130).jpg,129
image(131).jpg,130
image(132).jpg,131
image(133).jpg,132
image(134).jpg,133
image(135).jpg,134
image(136).jpg,135
image(137).jpg,136
image(138).jpg,137
image(139).jpg,138
image(140).jpg,139
image(141).jpg,140
image(142).jpg,141
image(143).jpg,142
image(144).jpg,143
image(145).jpg,144
image(146).jpg,145
image(147).jpg,146
image(148).jpg,147
image(149).jpg,148
image(150).jpg,149
image(151).jpg,150
image(152).jpg,151
image(153).jpg,152
image(154).jpg,153
image(155).jpg,154
image(156).jpg,155
image(157).jpg,156
image(158).jpg,157
image(159).jpg,158
image(160).jpg,159
image(161).jpg,160
image(162).jpg,161
image(163).jpg,162
image(164).jpg,163
image(165).jpg,164
